{"placeableObjectDataCollection":{"bbbb4733-37a1-4262-9654-e419d98b4af7":{"direction":0,"gridPosition":{"x":12,"y":0,"z":11,"magnitude":16.27882,"sqrMagnitude":265},"assetIdentifier":"House T21","guid":"bbbb4733-37a1-4262-9654-e419d98b4af7"},"4af9a640-694b-46cb-b588-16d17fa38c2a":{"direction":0,"gridPosition":{"x":13,"y":0,"z":11,"magnitude":17.0293865,"sqrMagnitude":290},"assetIdentifier":"House T21","guid":"4af9a640-694b-46cb-b588-16d17fa38c2a"},"bdf254e0-039f-4cd6-8773-239e0abf0b96":{"direction":0,"gridPosition":{"x":14,"y":0,"z":8,"magnitude":16.1245155,"sqrMagnitude":260},"assetIdentifier":"House T1","guid":"bdf254e0-039f-4cd6-8773-239e0abf0b96"},"06f9ec61-e26b-4dc7-a9e8-0ea68e4a2734":{"direction":0,"gridPosition":{"x":16,"y":0,"z":8,"magnitude":17.8885441,"sqrMagnitude":320},"assetIdentifier":"House T1","guid":"06f9ec61-e26b-4dc7-a9e8-0ea68e4a2734"},"70fe2a76-2135-4e16-bcad-2360e1257781":{"direction":0,"gridPosition":{"x":17,"y":0,"z":9,"magnitude":19.235384,"sqrMagnitude":370},"assetIdentifier":"House T1","guid":"70fe2a76-2135-4e16-bcad-2360e1257781"},"7757e88e-f1a2-4508-ac14-8f5ec54182aa":{"direction":0,"gridPosition":{"x":14,"y":0,"z":9,"magnitude":16.6433163,"sqrMagnitude":277},"assetIdentifier":"House T1","guid":"7757e88e-f1a2-4508-ac14-8f5ec54182aa"},"cf58a1ae-6431-411f-bb52-e9d69bd24c07":{"direction":0,"gridPosition":{"x":19,"y":0,"z":16,"magnitude":24.8394852,"sqrMagnitude":617},"assetIdentifier":"House T10","guid":"cf58a1ae-6431-411f-bb52-e9d69bd24c07"}}}